0,nospec_no_specifier_test,1578073275,1577936154
1,nospec_empty_string,1578073275,0
2,nospec_some_escaped_chars,1578073275,1577936154
3,nospec_successive_5_5,1578073275,1577936154
4,nospec_successive_2_9,1578073275,1577936154
5,nospec_successive_8_3,1578073275,1577936154
6,pct_basic,1578073275,1577936154
7,pct_5w,1578073275,1577936154
8,pct_5wlj,1578073275,1577936154
9,pct_5wzp,1578073275,1577936154
10,pct_5wljzp,1578073275,1577936154
11,nocrash_nullspec_basic,1578073275,1578068010
12,nocrash_nullspec_5w,1578073275,1578068010
13,nocrash_nullspec_5wzp,1578073275,1578068010
14,nocrash_nullspec_5wzplj,1578073275,1578068010
15,nocrash_nullspec_5wlj,1578073275,1578068010
16,s_basic_string_expansion,1578073275,1577936154
17,s_only_string_expansion,1578073275,1577936154
18,s_two_string_expansions,1578073275,1577936154
19,s_two_string_expansions2,1578073275,1577936154
20,s_empty_string_expansion,1578073275,1577936154
21,s_full_then_empty_string,1578073275,1577936154
22,s_empty_then_full_string,1578073275,1577936154
23,s_three_strings,1578073275,1577936154
24,s_space_padded_field_width,1578073275,1577936154
25,s_space_padded_field_width2,1578073275,1577936154
26,s_space_padded_over_field_width,1578073275,1577936154
27,s_space_padded_field_width_lj,1578073275,1577936154
28,s_space_padded_field_width2_lj,1578073275,1577936154
29,s_space_padded_over_field_width_lj,1578073275,1577936154
30,s_string_prec_notrunc,1578073275,1577936154
31,s_string_prec_trunc,1578073275,1577936154
32,s_string_prec_default,1578073275,1577936154
33,s_string_prec_zero,1578073275,1577936154
34,s_two_strings_prec_2trunc,1578073275,1577936154
35,s_two_strings_prec_1trunc_a,1578073275,1577936154
36,s_two_strings_prec_1trunc_b,1578073275,1577936154
37,s_two_strings_prec_0trunc,1578073275,1577936154
38,s_string_prec_width_notrunc,1578073275,1577936154
39,s_string_prec_width_trunc,1578073275,1577936154
40,s_string_prec_width_notrunc_lj,1578073275,1577936154
41,s_string_prec_width_trunc_lj,1578073275,1577936154
42,s_two_s_prec_width_2fit_0trunc,1578073275,1577936154
43,s_two_s_prec_width_1fit_a_0trunc,1578073275,1577936154
44,s_two_s_prec_width_1fit_b_0trunc,1578073275,1577936154
45,s_two_s_prec_width_0fit_0trunc,1578073275,1577936154
46,s_two_s_prec_width_2fit_1trunc_a,1578073275,1577936154
47,s_two_s_prec_width_1fit_a_1trunc_a,1578073275,1577936154
48,s_two_s_prec_width_1fit_b_1trunc_a,1578073275,1577936154
49,s_two_s_prec_width_0fit_1trunc_a,1578073275,1577936154
50,s_two_s_prec_width_2fit_1trunc_b,1578073275,1577936154
51,s_two_s_prec_width_1fit_a_1trunc_b,1578073275,1577936154
52,s_two_s_prec_width_1fit_b_1trunc_b,1578073275,1577936154
53,s_two_s_prec_width_0fit_1trunc_b,1578073275,1577936154
54,s_two_s_prec_width_2fit_2trunc,1578073275,1577936154
55,s_two_s_prec_width_1fit_a_2trunc,1578073275,1577936154
56,s_two_s_prec_width_1fit_b_2trunc,1578073275,1577936154
57,s_two_s_prec_width_0fit_2trunc,1578073275,1577936154
58,s_two_s_prec_width_2trunc,1578073275,1577936154
59,s_two_strings_lj_and_rj,1578073275,1577936154
60,s_two_strings_rj_and_lj,1578073275,1577936154
61,s_null_basic_string_expansion,1578073275,1578050472
62,s_null_only_string_expansion,1578073275,1578050472
63,s_null_space_padded_field_width,1578073275,1578050472
64,s_null_space_padded_over_field_width,1578073275,1578050472
65,s_null_space_padded_field_width_lj,1578073275,1578050472
66,s_null_space_padded_field_width2_lj,1578073275,1578050472
67,s_null_space_padded_over_field_width_lj,1578073275,1578050472
68,s_null_string_prec_notrunc,1578073275,1577936154
69,s_null_string_prec_trunc,1578073275,1577936154
70,s_null_string_prec_default,1578073275,1577936154
71,s_null_string_prec_zero,1578073275,1577936154
72,s_basic_s_hidden,1578073275,1577936154
73,s_width_3_s_hidden,1578073275,1577936154
74,s_width_9_s_hidden,1578073275,1577936154
75,s_prec_no_width_s_hidden,1578073275,1577936154
76,s_prec_9_no_width_s_hidden,1578073275,1577936154
77,s_prec_03_no_width_s_hidden,1578073275,1577936154
78,s_prec_09_no_width_s_hidden,1578073275,1577936154
79,s_prec_03_no_width_s_null,1578073275,1578050472
80,s_prec_09_no_width_s_null,1578073275,1578050472
81,s_prec_00_no_width_s_nullchar,1578073275,1577936154
82,s_prec_01_no_width_s_nullchar,1578073275,1577936154
83,s_prec_03_no_width_s_nullchar,1578073275,1577936154
84,s_prec_09_no_width_s_nullchar,1578073275,1577936154
85,s_prec_0_width_3_s_hidden,1578073275,1577936154
86,s_prec_0_width_10_s_hidden,1578073275,1577936154
87,s_prec_0_width_3_s_null,1578073275,1578050472
88,s_prec_0_width_10_s_null,1578073275,1578050472
89,s_prec_0_width_1_s_nullchar,1578073275,1577936154
90,s_prec_0_width_2_s_nullchar,1578073275,1577936154
91,s_prec_0_width_9_s_nullchar,1578073275,1577936154
92,s_prec_0_lj_width_3_s_hidden,1578073275,1577936154
93,s_prec_0_lj_width_8_s_hidden,1578073275,1577936154
94,s_prec_0_lj_width_3_s_null,1578073275,1578050472
95,s_prec_0_lj_width_8_s_null,1578073275,1578050472
96,s_prec_0_lj_width_1_s_nullchar,1578073275,1577936154
97,s_prec_0_lj_width_2_s_nullchar,1578073275,1577936154
98,s_prec_0_lj_width_6_s_nullchar,1578073275,1577936154
99,s_prec_1_width_3_s_hidden,1578073275,1577936154
100,s_prec_1_width_10_s_hidden,1578073275,1577936154
101,s_prec_1_width_3_s_null,1578073275,1578050472
102,s_prec_1_width_9_s_null,1578073275,1578050472
103,s_prec_1_lj_width_3_s_hidden,1578073275,1577936154
104,s_prec_1_lj_width_10_s_hidden,1578073275,1577936154
105,s_prec_1_lj_width_3_s_null,1578073275,1578050472
106,s_prec_1_lj_width_9_s_null,1578073275,1578050472
107,s_prec_1_lj_width_3_s_nullchar,1578073275,1577936154
108,s_prec_1_lj_width_6_s_nullchar,1578073275,1577936154
109,s_prec_perfect_width_3_s_hidden,1578073275,1577936154
110,s_prec_perfect_width_20_s_hidden,1578073275,1577936154
111,s_prec_perfect_width_3_s_null,1578073275,1578050472
112,s_prec_perfect_width_20_s_null,1578073275,1578050472
113,s_prec_perfect_width_3_s_nullchar,1578073275,1577936154
114,s_prec_perfect_width_6_s_nullchar,1578073275,1577936154
115,s_prec_perfect_lj_width_3_s_hidden,1578073275,1577936154
116,s_prec_perfect_lj_width_20_s_hidden,1578073275,1577936154
117,s_prec_8_lj_width_3_s_hidden,1578073275,1577936154
118,s_prec_8_lj_width_10_s_hidden,1578073275,1577936154
119,s_prec_8_lj_width_3_s_null,1578073275,1578050472
120,s_prec_8_lj_width_10_s_null,1578073275,1578050472
121,s_prec_00_lj_s_hidden_trunc,1578073275,1577936154
122,s_prec_09_lj_s_hidden_notrunc,1578073275,1577936154
123,s_undefbehav_0_2zero,1578073275,1577936154
124,s_undefbehav_0_3zero,1578073275,1577936154
125,s_undefbehav_0_4zero,1578073275,1577936154
126,s_undefbehav_0_lj_2zero,1578073275,1577936154
127,s_undefbehav_0_zero_lj_zero,1578073275,1577936154
128,s_undefbehav_0_2zero_lj,1578073275,1577936154
129,s_undefbehav_0_width_3,1578073275,1577936154
130,s_undefbehav_0_width_9,1578073275,1577936154
131,s_undefbehav_lj_0_width_3,1578073275,1577936154
132,s_undefbehav_lj_0_width_9,1578073275,1577936154
133,i_basic_i_pos,1578073275,1577936154
134,i_basic_i_neg,1578073275,1577936154
135,i_basic_i_zero,1578073275,1577936154
136,i_basic_i_onlypos,1578073275,1577936154
137,i_basic_i_onlyneg,1578073275,1577936154
138,i_basic_i_onlyzero,1578073275,1577936154
139,d_basic_pos,1578073275,1577936154
140,d_basic_neg,1578073275,1577936154
141,d_basic_zero,1578073275,1577936154
142,i_intmax,1578073275,1577936154
143,i_intmin,1578073275,1577936154
144,i_width_pos_fits,1578073275,1577936154
145,i_width_neg_fits,1578073275,1577936154
146,i_width_zero_fits,1578073275,1577936154
147,i_width_pos_exactfit,1578073275,1577936154
148,i_width_neg_exactfit,1578073275,1577936154
149,i_width_pos_nofit,1578073275,1577936154
150,i_width_neg_nofit,1578073275,1577936154
151,i_width_pos_fits_lj,1578073275,1577936154
152,i_width_neg_fits_lj,1578073275,1577936154
153,i_width_zero_fits_lj,1578073275,1577936154
154,i_width_pos_exactfit_lj,1578073275,1577936154
155,i_width_neg_exactfit_lj,1578073275,1577936154
156,i_width_pos_nofit_lj,1578073275,1577936154
157,i_width_neg_nofit_lj,1578073275,1577936154
158,i_prec_fits_pos,1578073275,1577936154
159,i_prec_fits_neg,1578073275,1577936154
160,i_prec_fits_zero,1578073275,1577936154
161,i_prec_exactfit_pos,1578073275,1577936154
162,i_prec_exactfit_neg,1578073275,1577936154
163,i_prec_nofit_pos,1578073275,1577936154
164,i_prec_nofit_neg,1578073275,1577936154
165,i_zp_pos_fits,1578073275,1577936154
166,i_zp_neg_fits,1578073275,1577936154
167,i_zp_zero_fits,1578073275,1577936154
168,i_zp_pos_exactfit,1578073275,1577936154
169,i_zp_neg_exactfit,1578073275,1577936154
170,i_zp_neg_minus1fit,1578073275,1577936154
171,i_prec_width_fit_fit_pos,1578073275,1577936154
172,i_prec_width_fit_fit_neg,1578073275,1577936154
173,i_prec_width_fit_fit_zero,1578073275,1577936154
174,i_prec_width_nofit_fit_pos,1578073275,1577936154
175,i_prec_width_nofit_fit_neg,1578073275,1577936154
176,i_prec_width_fit_nofit_pos,1578073275,1577936154
177,i_prec_width_fit_nofit_neg,1578073275,1577936154
178,i_prec_width_nofit_nofit_pos,1578073275,1577936154
179,i_prec_width_nofit_nofit_neg,1578073275,1577936154
180,i_prec_width_fit_fit_pos_lj,1578073275,1577936154
181,i_prec_width_fit_fit_neg_lj,1578073275,1577936154
182,i_prec_width_fit_fit_zero_lj,1578073275,1577936154
183,i_prec_width_nofit_fit_pos_lj,1578073275,1577936154
184,i_prec_width_nofit_fit_neg_lj,1578073275,1577936154
185,i_prec_width_fit_nofit_pos_lj,1578073275,1577936154
186,i_prec_width_fit_nofit_neg_lj,1578073275,1577936154
187,i_prec_width_nofit_nofit_pos_lj,1578073275,1577936154
188,i_prec_width_nofit_nofit_neg_lj,1578073275,1577936154
189,i_prec_width_ff_pos_zp,1578073275,1577936154
190,i_prec_width_ff_neg_zp,1578073275,1577936154
191,i_prec_width_ff_zero_zp,1578073275,1577936154
192,i_prec_width_nf_pos_zp,1578073275,1577936154
193,i_prec_width_nf_neg_zp,1578073275,1577936154
194,i_prec_width_fn_pos_zp,1578073275,1577936154
195,i_prec_width_fn_neg_zp,1578073275,1577936154
196,i_prec_width_nn_pos_zp,1578073275,1577936154
197,i_prec_width_nn_neg_zp,1578073275,1577936154
198,i_prec_width_ff_pos_lj_zp_ignoreflag,1578073275,1577936200
199,i_prec_width_ff_neg_ljzp_ignoreflag,1578073275,1577936200
200,i_prec_width_ff_zero_ljzp_ignoreflag,1578073275,1577936200
201,i_prec_width_nf_pos_ljzp_ignoreflag,1578073275,1577936200
202,i_prec_width_nf_neg_ljzp_ignoreflag,1578073275,1577936200
203,i_prec_width_fn_pos_ljzp_ignoreflag,1578073275,1577936154
204,i_prec_width_fn_neg_ljzp_ignoreflag,1578073275,1577936154
205,i_prec_width_nn_pos_ljzp_ignoreflag,1578073275,1577936154
206,i_prec_width_nn_neg_ljzp_ignoreflag,1578073275,1577936154
207,i_size_follows_i_i,1578073275,1577936154
208,i_prec0val0_basic,1578073275,1577936154
209,i_prec0val0_implicit,1578073275,1577936154
210,i_prec0val0_w,1578073275,1577936154
211,i_prec0val0_w_impl,1578073275,1577936154
212,i_prec0val0_wlj,1578073275,1577936154
213,i_prec0val0_wlj_impl,1578073275,1577936154
214,d_basic_i_pos,1578073275,1577936154
215,d_basic_i_neg,1578073275,1577936154
216,d_basic_i_zero,1578073275,1577936154
217,d_basic_i_onlypos,1578073275,1577936154
218,d_basic_i_onlyneg,1578073275,1577936154
219,d_basic_i_onlyzero,1578073275,1577936154
220,d_intmax,1578073275,1577936154
221,d_intmin,1578073275,1577936154
222,d_width_pos_fits,1578073275,1577936154
223,d_width_neg_fits,1578073275,1577936154
224,d_width_zero_fits,1578073275,1577936154
225,d_width_pos_exactfit,1578073275,1577936154
226,d_width_neg_exactfit,1578073275,1577936154
227,d_width_pos_nofit,1578073275,1577936154
228,d_width_neg_nofit,1578073275,1577936154
229,d_width_pos_fits_lj,1578073275,1577936154
230,d_width_neg_fits_lj,1578073275,1577936154
231,d_width_zero_fits_lj,1578073275,1577936154
232,d_width_pos_exactfit_lj,1578073275,1577936154
233,d_width_neg_exactfit_lj,1578073275,1577936154
234,d_width_pos_nofit_lj,1578073275,1577936154
235,d_width_neg_nofit_lj,1578073275,1577936154
236,d_prec_fits_pos,1578073275,1577936154
237,d_prec_fits_neg,1578073275,1577936154
238,d_prec_fits_zero,1578073275,1577936154
239,d_prec_exactfit_pos,1578073275,1577936154
240,d_prec_exactfit_neg,1578073275,1577936154
241,d_prec_nofit_pos,1578073275,1577936154
242,d_prec_nofit_neg,1578073275,1577936154
243,d_zp_pos_fits,1578073275,1577936154
244,d_zp_neg_fits,1578073275,1577936154
245,d_zp_zero_fits,1578073275,1577936154
246,d_zp_pos_exactfit,1578073275,1577936154
247,d_zp_neg_exactfit,1578073275,1577936154
248,d_zp_neg_minus1fit,1578073275,1577936154
249,d_prec_width_fit_fit_pos,1578073275,1577936154
250,d_prec_width_fit_fit_neg,1578073275,1577936154
251,d_prec_width_fit_fit_zero,1578073275,1577936154
252,d_prec_width_nofit_fit_pos,1578073275,1577936154
253,d_prec_width_nofit_fit_neg,1578073275,1577936154
254,d_prec_width_fit_nofit_pos,1578073275,1577936154
255,d_prec_width_fit_nofit_neg,1578073275,1577936154
256,d_prec_width_nofit_nofit_pos,1578073275,1577936154
257,d_prec_width_nofit_nofit_neg,1578073275,1577936154
258,d_prec_width_fit_fit_pos_lj,1578073275,1577936154
259,d_prec_width_fit_fit_neg_lj,1578073275,1577936154
260,d_prec_width_fit_fit_zero_lj,1578073275,1577936154
261,d_prec_width_nofit_fit_pos_lj,1578073275,1577936154
262,d_prec_width_nofit_fit_neg_lj,1578073275,1577936154
263,d_prec_width_fit_nofit_pos_lj,1578073275,1577936154
264,d_prec_width_fit_nofit_neg_lj,1578073275,1577936154
265,d_prec_width_nofit_nofit_pos_lj,1578073275,1577936154
266,d_prec_width_nofit_nofit_neg_lj,1578073275,1577936154
267,d_prec_width_ff_pos_zp,1578073275,1577936154
268,d_prec_width_ff_neg_zp,1578073275,1577936154
269,d_prec_width_ff_zero_zp,1578073275,1577936154
270,d_prec_width_nf_pos_zp,1578073275,1577936154
271,d_prec_width_nf_neg_zp,1578073275,1577936154
272,d_prec_width_fn_pos_zp,1578073275,1577936154
273,d_prec_width_fn_neg_zp,1578073275,1577936154
274,d_prec_width_nn_pos_zp,1578073275,1577936154
275,d_prec_width_nn_neg_zp,1578073275,1577936154
276,d_prec_width_ff_pos_lj_zp_ignoreflag,1578073275,1577936200
277,d_prec_width_ff_neg_ljzp_ignoreflag,1578073275,1577936200
278,d_prec_width_ff_zero_ljzp_ignoreflag,1578073275,1577936200
279,d_prec_width_nf_pos_ljzp_ignoreflag,1578073275,1577936200
280,d_prec_width_nf_neg_ljzp_ignoreflag,1578073275,1577936200
281,d_prec_width_fn_pos_ljzp_ignoreflag,1578073275,1577936154
282,d_prec_width_fn_neg_ljzp_ignoreflag,1578073275,1577936154
283,d_prec_width_nn_pos_ljzp_ignoreflag,1578073275,1577936154
284,d_prec_width_nn_neg_ljzp_ignoreflag,1578073275,1577936154
285,d_prec0val0_basic,1578073275,1577936154
286,d_prec0val0_implicit,1578073275,1577936154
287,d_prec0val0_w,1578073275,1577936154
288,d_prec0val0_w_impl,1578073275,1577936154
289,d_prec0val0_wlj,1578073275,1577936154
290,d_prec0val0_wlj_impl,1578073275,1577936154
291,u_basic_u_pos,1578073275,1577936154
292,u_basic_u_zero,1578073275,1577936154
293,u_basic_u_onlypos,1578073275,1577936154
294,u_uintmax,1578073275,1577936154
295,u_width_pos_fits,1578073275,1577936154
296,u_width_zero_fits,1578073275,1577936154
297,u_width_pos_exactfit,1578073275,1577936154
298,u_width_pos_nofit,1578073275,1577936154
299,u_width_pos_fits_lj,1578073275,1577936154
300,u_width_zero_fits_lj,1578073275,1577936154
301,u_width_pos_exactfit_lj,1578073275,1577936154
302,u_width_pos_nofit_lj,1578073275,1577936154
303,u_prec_fits_pos,1578073275,1577936154
304,u_prec_fits_zero,1578073275,1577936154
305,u_prec_exactfit_pos,1578073275,1577936154
306,u_prec_nofit_pos,1578073275,1577936154
307,u_zp_pos_fits,1578073275,1577936154
308,u_zp_zero_fits,1578073275,1577936154
309,u_zp_pos_exactfit,1578073275,1577936154
310,u_prec_width_fit_fit_pos,1578073275,1577936154
311,u_prec_width_fit_fit_zero,1578073275,1577936154
312,u_prec_width_nofit_fit_pos,1578073275,1577936154
313,u_prec_width_fit_nofit_pos,1578073275,1577936154
314,u_prec_width_nofit_nofit_pos,1578073275,1577936154
315,u_prec_width_fit_fit_pos_lj,1578073275,1577936154
316,u_prec_width_fit_fit_zero_lj,1578073275,1577936154
317,u_prec_width_nofit_fit_pos_lj,1578073275,1577936154
318,u_prec_width_fit_nofit_pos_lj,1578073275,1577936154
319,u_prec_width_nofit_nofit_pos_lj,1578073275,1577936154
320,u_prec_width_ff_pos_zp,1578073275,1577936154
321,u_prec_width_ff_zero_zp,1578073275,1577936154
322,u_prec_width_nf_pos_zp,1578073275,1577936154
323,u_prec_width_fn_pos_zp,1578073275,1577936154
324,u_prec_width_nn_pos_zp,1578073275,1577936154
325,u_prec_width_ff_pos_ljzp_ignoreflag,1578073275,1577936200
326,u_prec_width_ff_zero_ljzp_ignoreflag,1578073275,1577936200
327,u_prec_width_nf_pos_ljzp_ignoreflag,1578073275,1577936200
328,u_prec_width_fn_pos_ljzp_ignoreflag,1578073275,1577936154
329,u_prec_width_nn_pos_ljzp_ignoreflag,1578073275,1577936154
330,u_prec0val0_basic,1578073275,1577936154
331,u_prec0val0_implicit,1578073275,1577936154
332,u_prec0val0_w,1578073275,1577936154
333,u_prec0val0_w_impl,1578073275,1577936154
334,u_prec0val0_wlj,1578073275,1577936154
335,u_prec0val0_wlj_impl,1578073275,1577936154
336,x_basic_pos,1578073275,1577936154
337,x_basic_zero,1578073275,1577936154
338,x_basic_onlypos,1578073275,1577936154
339,x_hexlmax,1578073275,1577936154
340,x_width_pos_fits,1578073275,1577936154
341,x_width_zero_fits,1578073275,1577936154
342,x_width_pos_exactfit,1578073275,1577936154
343,x_width_pos_nofit,1578073275,1577936154
344,x_width_pos_fits_lj,1578073275,1577936154
345,x_width_zero_fits_lj,1578073275,1577936154
346,x_width_pos_exactfit_lj,1578073275,1577936154
347,x_width_pos_nofit_lj,1578073275,1577936154
348,x_prec_fits_pos,1578073275,1577936154
349,x_prec_fits_zero,1578073275,1577936154
350,x_prec_exactfit_pos,1578073275,1577936154
351,x_prec_nofit_pos,1578073275,1577936154
352,x_zp_pos_fits,1578073275,1577936154
353,x_zp_zero_fits,1578073275,1577936154
354,x_zp_pos_exactfit,1578073275,1577936154
355,x_prec_width_fit_fit_pos,1578073275,1577936154
356,x_prec_width_fit_fit_zero,1578073275,1577936154
357,x_prec_width_nofit_fit_pos,1578073275,1577936154
358,x_prec_width_fit_nofit_pos,1578073275,1577936154
359,x_prec_width_nofit_nofit_pos,1578073275,1577936154
360,x_prec_width_fit_fit_pos_lj,1578073275,1577936154
361,x_prec_width_fit_fit_zero_lj,1578073275,1577936154
362,x_prec_width_nofit_fit_pos_lj,1578073275,1577936154
363,x_prec_width_fit_nofit_pos_lj,1578073275,1577936154
364,x_prec_width_nofit_nofit_pos_lj,1578073275,1577936154
365,x_prec_width_ff_pos_zp,1578073275,1577936154
366,x_prec_width_ff_zero_zp,1578073275,1577936154
367,x_prec_width_nf_pos_zp,1578073275,1577936154
368,x_prec_width_fn_pos_zp,1578073275,1577936154
369,x_prec_width_nn_pos_zp,1578073275,1577936154
370,x_prec_width_ff_pos_ljzp_ignoreflag,1578073275,1577936200
371,x_prec_width_ff_zero_ljzp_ignoreflag,1578073275,1577936200
372,x_prec_width_nf_pos_ljzp_ignoreflag,1578073275,1577936200
373,x_prec_width_fn_pos_ljzp_ignoreflag,1578073275,1577936154
374,x_prec_width_nn_pos_ljzp_ignoreflag,1578073275,1577936154
375,x_prec0val0_basic,1578073275,1577936154
376,x_prec0val0_implicit,1578073275,1577936154
377,x_prec0val0_w,1578073275,1577936154
378,x_prec0val0_w_impl,1578073275,1577936154
379,x_prec0val0_wlj,1578073275,1577936154
380,x_prec0val0_wlj_impl,1578073275,1577936154
381,X_basic_hexu_pos,1578073275,1577936154
382,X_basic_hexu_zero,1578073275,1577936154
383,X_basic_hexu_onlypos,1578073275,1577936154
384,X_hexumax,1578073275,1577936154
385,X_width_pos_fits,1578073275,1577936154
386,X_width_zero_fits,1578073275,1577936154
387,X_width_pos_exactfit,1578073275,1577936154
388,X_width_pos_nofit,1578073275,1577936154
389,X_width_pos_fits_lj,1578073275,1577936154
390,X_width_zero_fits_lj,1578073275,1577936154
391,X_width_pos_exactfit_lj,1578073275,1577936154
392,X_width_pos_nofit_lj,1578073275,1577936154
393,X_prec_fits_pos,1578073275,1577936154
394,X_prec_fits_zero,1578073275,1577936154
395,X_prec_exactfit_pos,1578073275,1577936154
396,X_prec_nofit_pos,1578073275,1577936154
397,X_zp_pos_fits,1578073275,1577936154
398,X_zp_zero_fits,1578073275,1577936154
399,X_zp_pos_exactfit,1578073275,1577936154
400,X_prec_width_fit_fit_pos,1578073275,1577936154
401,X_prec_width_fit_fit_zero,1578073275,1577936154
402,X_prec_width_nofit_fit_pos,1578073275,1577936154
403,X_prec_width_fit_nofit_pos,1578073275,1577936154
404,X_prec_width_nofit_nofit_pos,1578073275,1577936154
405,X_prec_width_fit_fit_pos_lj,1578073275,1577936154
406,X_prec_width_fit_fit_zero_lj,1578073275,1577936154
407,X_prec_width_nofit_fit_pos_lj,1578073275,1577936154
408,X_prec_width_fit_nofit_pos_lj,1578073275,1577936154
409,X_prec_width_nofit_nofit_pos_lj,1578073275,1577936154
410,X_prec_width_ff_pos_zp,1578073275,1577936154
411,X_prec_width_ff_zero_zp,1578073275,1577936154
412,X_prec_width_nf_pos_zp,1578073275,1577936154
413,X_prec_width_fn_pos_zp,1578073275,1577936154
414,X_prec_width_nn_pos_zp,1578073275,1577936154
415,X_prec_width_ff_pos_ljzp_ignoreflag,1578073275,1577936200
416,X_prec_width_ff_zero_ljzp_ignoreflag,1578073275,1577936200
417,X_prec_width_nf_pos_ljzp_ignoreflag,1578073275,1577936200
418,X_prec_width_fn_pos_ljzp_ignoreflag,1578073275,1577936154
419,X_prec_width_nn_pos_ljzp_ignoreflag,1578073275,1577936154
420,X_prec0val0_basic,1578073275,1577936154
421,X_prec0val0_implicit,1578073275,1577936154
422,X_prec0val0_w,1578073275,1577936154
423,X_prec0val0_w_impl,1578073275,1577936154
424,X_prec0val0_wlj,1578073275,1577936154
425,X_prec0val0_wlj_impl,1578073275,1577936154
426,p_null,1578073275,1577936154
427,p_null_width_fit,1578073275,1577936154
428,p_null_width_nofit,1578073275,1577936154
429,p_void,1578073275,1578067901
430,p_void_width_fit,1578073275,1578067901
431,p_void_width_nofit,1578073275,1578067901
432,p_ftfc_literal_9w_prec2_undefbehav,1578073275,1577936154
433,p_ftfc_literal_2w_prec9_undefbehav,1578073275,1578066938
434,p_ftfc_zero_prec5_undefbehav,1578073275,1578066938
435,p_ftfc_zero_prec0_undefbehav,1578073275,1578067901
436,p_ftfc_5w_throwswarning,1578073275,1577936154
437,p_basic,1578073275,1577936154
438,p_width_fit,1578073275,1577936154
439,p_width_nofit,1578073275,1577936154
440,p_width_16,1578073275,1577936154
441,p_width_8,1578073275,1577936154
442,p_width_32,1578073275,1577936154
443,p_width_fit_lj,1578073275,1577936154
444,p_width_nofit_lj,1578073275,1577936154
445,p_width_16_lj,1578073275,1577936154
446,p_width_8_lj,1578073275,1577936154
447,p_width_32_lj,1578073275,1577936154
448,c_allprintable_combined,1578073275,1577936154
449,c_1_31_combined,1578073275,1577936154
450,c_128_255_combined,1578073275,1577936154
451,c_allprintable_width,1578073275,1577936154
452,c_1_31_width,1578073275,1577936154
453,c_128_255_width,1578073275,1577936154
454,c_allprintable_width_lj,1578073275,1577936154
455,c_1_31_width_lj,1578073275,1577936154
456,c_128_255_width_lj,1578073275,1577936154
457,c_nullterm_basic,1578073275,1577944003
458,c_nullterm_5w,1578073275,1577944003
459,c_nullterm_5wlj,1578073275,1577944003
460,mix_successive_0,1578073275,1577936154
461,mix_successive_4,1578073275,1577936154
462,mix_successive_6,1578073275,1577936154
463,mix_successive_10,1578073275,1577936154
464,mix_successive_16,1578073275,1577936154
465,mix_successive_20,1578073275,1577936154
466,mix_successive_21,1578073275,1577936154
467,mix_successive_28,1578073275,1577936154
468,mix_successive_30,1578073275,1577936154
469,mix_successive_31,1578073275,1577936154
470,mix_successive_32,1578073275,1577936154
471,mix_successive_39,1578073275,1577936154
472,mix_successive_40,1578073275,1577936154
473,mix_successive_42,1578073275,1577936154
474,mix_successive_43,1578073275,1577936154
475,mix_successive_45,1578073275,1577936154
476,mix_successive_46,1578073275,1577936154
477,mix_successive_61,1578073275,1577936154
478,mix_successive_64,1578073275,1577936154
479,nocrash_noarg_1_notmandatory,1578073275,1577928705
480,nocrash_noarg_2_notmandatory,1578073275,1577928705
481,nocrash_noarg_3_notmandatory,1578073275,1577928705
482,nocrash_noarg_4_notmandatory,1578073275,1577928705
483,nocrash_noarg_5_notmandatory,1578073275,1577928705
484,nocrash_noarg_6_notmandatory,1578073275,1577928705
485,nocrash_noarg_9_notmandatory,1578073275,1577928705
486,nocrash_noarg_10_notmandatory,1578073275,1577928705
487,nocrash_noarg_11_notmandatory,1578073275,1577928705
488,nocrash_noarg_12_notmandatory,1578073275,1577928705
489,nocrash_noarg_13_notmandatory,1578073275,1577928705
490,nocrash_noarg_14_notmandatory,1578073275,1577928705
491,nocrash_noarg_15_notmandatory,1578073275,1577928705
492,nocrash_noarg_16_notmandatory,1578073275,0
493,nocrash_noarg_17_notmandatory,1578073275,0
494,nocrash_noarg_19_notmandatory,1578073275,0
495,nocrash_noarg_20_notmandatory,1578073275,0
496,nocrash_noarg_21_notmandatory,1578073275,0
497,nocrash_noarg_22_notmandatory,1578073275,1577928705
498,nocrash_noarg_24_notmandatory,1578073275,0
499,nocrash_noarg_25_notmandatory,1578073275,1577928705
500,nocrash_nullarg_1,1578073275,1578050472
501,nocrash_nullarg_2,1578073275,1578050472
502,nocrash_nullarg_3,1578073275,1578050472
503,nocrash_nullarg_4,1578073275,1578050472
504,nocrash_nullarg_5,1578073275,1578050472
505,nocrash_nullarg_6,1578073275,1578050472
506,nocrash_nullarg_9,1578073275,1578050472
507,nocrash_nullarg_10,1578073275,1578050472
508,nocrash_nullarg_11,1578073275,1578050472
509,nocrash_nullarg_12,1578073275,1578050472
510,nocrash_nullarg_13,1578073275,1578050472
511,nocrash_nullarg_14,1578073275,1578050472
512,nocrash_nullarg_15,1578073275,1578050472
513,nocrash_nullarg_16,1578073275,0
514,nocrash_nullarg_17,1578073275,0
515,nocrash_nullarg_18,1578073275,1578050472
516,nocrash_nullarg_19,1578073275,0
517,nocrash_nullarg_20,1578073275,0
518,nocrash_nullarg_21,1578073275,0
519,nocrash_nullarg_22,1578073275,1577912265
520,nocrash_nullarg_23,1578073275,1578050472
521,nocrash_nullarg_24,1578073275,0
522,nocrash_nullarg_25,1578073275,1577912265
523,nocrash_mandatory_wformat_undefbehav_01,1578073275,0
524,nocrash_mandatory_wformat_undefbehav_02,1578073275,0
525,nocrash_mandatory_wformat_undefbehav_03,1578073275,0
526,nocrash_mandatory_wformat_undefbehav_04,1578073275,1578050472
527,nocrash_mandatory_wformat_undefbehav_05,1578073275,1578050472
528,nocrash_mandatory_wformat_undefbehav_06,1578073275,1578050472
529,nocrash_mandatory_wformat_undefbehav_07,1578073275,1578050472
530,nocrash_mandatory_wformat_undefbehav_38,1578073275,0
531,nocrash_mandatory_wformat_undefbehav_39,1578073275,0
532,nocrash_mandatory_dupflag_d_spsp,1578073275,0
533,nocrash_mandatory_dupflag_d_ljljw,1578073275,0
534,nocrash_mandatory_dupflag_x_afaf,1578073275,0
535,nocrash_mandatory_c_prec_1,1578073275,0
536,nocrash_mandatory_c_prec_2,1578073275,0
537,nocrash_mandatory_c_af,1578073275,0
538,nocrash_mandatory_c_zp_1,1578073275,0
539,nocrash_mandatory_c_zp_2,1578073275,0
540,nocrash_mandatory_c_sp_1,1578073275,0
541,nocrash_mandatory_c_sp_2,1578073275,0
542,nocrash_mandatory_c_size_hh,1578073275,0
543,nocrash_mandatory_c_size_h,1578073275,0
544,nocrash_mandatory_c_size_l,1578073275,0
545,nocrash_mandatory_c_size_ll,1578073275,0
546,nocrash_mandatory_c_size_L,1578073275,0
547,nocrash_mandatory_c_lj_nowidth,1578073275,0
548,nocrash_mandatory_s_af,1578073275,0
549,nocrash_mandatory_s_zp_1,1578073275,0
550,nocrash_mandatory_s_zp_2,1578073275,0
551,nocrash_mandatory_s_sp_1,1578073275,0
552,nocrash_mandatory_s_size_hh,1578073275,0
553,nocrash_mandatory_s_size_h,1578073275,0
554,nocrash_mandatory_s_size_l,1578073275,0
555,nocrash_mandatory_s_size_ll,1578073275,0
556,nocrash_mandatory_s_size_L,1578073275,0
557,nocrash_mandatory_s_lj_nowidth,1578073275,0
558,nocrash_mandatory_p_prec_1,1578073275,0
559,nocrash_mandatory_p_prec_2,1578073275,0
560,nocrash_mandatory_p_af,1578073275,0
561,nocrash_mandatory_p_zp_1,1578073275,0
562,nocrash_mandatory_p_zp_2,1578073275,0
563,nocrash_mandatory_p_sp_1,1578073275,0
564,nocrash_mandatory_p_sp_2,1578073275,0
565,nocrash_mandatory_p_size_hh,1578073275,0
566,nocrash_mandatory_p_size_h,1578073275,0
567,nocrash_mandatory_p_size_l,1578073275,0
568,nocrash_mandatory_p_size_ll,1578073275,0
569,nocrash_mandatory_p_size_L,1578073275,0
570,nocrash_mandatory_p_lj_nowidth,1578073275,0
571,nocrash_mandatory_d_size_L,1578073275,0
572,nocrash_mandatory_d_af,1578073275,0
573,nocrash_mandatory_d_size_hhh,1578073275,0
574,nocrash_mandatory_d_size_hhhh,1578073275,0
575,nocrash_mandatory_d_size_hhl,1578073275,0
576,nocrash_mandatory_d_size_hhll,1578073275,0
577,nocrash_mandatory_d_size_llh,1578073275,0
578,nocrash_mandatory_d_size_lll,1578073275,0
579,nocrash_mandatory_i_size_L,1578073275,0
580,nocrash_mandatory_i_af,1578073275,0
581,nocrash_mandatory_i_size_hhh,1578073275,0
582,nocrash_mandatory_i_lj_nowidth,1578073275,0
583,nocrash_mandatory_o_sp,1578073275,1577912265
584,nocrash_mandatory_o_size_L,1578073275,1577912265
585,nocrash_mandatory_o_size_hhh,1578073275,1577912265
586,nocrash_mandatory_o_size_hhhh,1578073275,1577912265
587,nocrash_mandatory_o_size_hhl,1578073275,1577912265
588,nocrash_mandatory_o_size_hhll,1578073275,1577912265
589,nocrash_mandatory_o_size_llh,1578073275,1577912265
590,nocrash_mandatory_o_size_lll,1578073275,1577912265
591,nocrash_mandatory_o_lj_nowidth,1578073275,1577912265
592,nocrash_mandatory_u_size_L,1578073275,0
593,nocrash_mandatory_u_af,1578073275,0
594,nocrash_mandatory_u_sp,1578073275,0
595,nocrash_mandatory_u_size_hhh,1578073275,0
596,nocrash_mandatory_u_size_hhhh,1578073275,0
597,nocrash_mandatory_u_size_hhl,1578073275,0
598,nocrash_mandatory_u_size_hhll,1578073275,0
599,nocrash_mandatory_u_size_llh,1578073275,0
600,nocrash_mandatory_u_size_lll,1578073275,0
601,nocrash_mandatory_u_lj_nowidth,1578073275,0
602,nocrash_mandatory_x_size_L,1578073275,0
603,nocrash_mandatory_x_sp,1578073275,0
604,nocrash_mandatory_x_size_hhh,1578073275,0
605,nocrash_mandatory_x_size_hhhh,1578073275,0
606,nocrash_mandatory_x_size_hhl,1578073275,0
607,nocrash_mandatory_x_size_hhll,1578073275,0
608,nocrash_mandatory_x_size_llh,1578073275,0
609,nocrash_mandatory_x_size_lll,1578073275,0
610,nocrash_mandatory_X_size_L,1578073275,0
611,nocrash_mandatory_X_sp,1578073275,0
612,nocrash_mandatory_X_size_hhh,1578073275,0
613,nocrash_mandatory_X_size_llh,1578073275,0
614,nocrash_mandatory_x_lj_nowidth,1578073275,0
615,nocrash_mandatory_f_size_hh,1578073275,1577928705
616,nocrash_mandatory_f_size_h,1578073275,1577928705
617,nocrash_mandatory_f_size_ll,1578073275,1577928705
618,nocrash_mandatory_f_size_lll,1578073275,1577928705
619,nocrash_mandatory_f_size_llll,1578073275,1577928705
620,nocrash_mandatory_f_size_LL,1578073275,1577928705
621,nocrash_mandatory_f_size_Ll,1578073275,1577928705
622,nocrash_mandatory_f_size_lL,1578073275,1577928705
623,nocrash_mandatory_f_lj_nowidth,1578073275,1577928705
624,moul_s_1,1578073275,1577936154
625,moul_s_2,1578073275,1577936154
626,moul_s_3,1578073275,1577936154
627,moul_s_4,1578073275,1578050472
628,moul_s_5_this_ones_a_doozy,1578073275,1577936154
629,moul_d_1,1578073275,1577936154
630,moul_d_2,1578073275,1577936154
631,moul_d_3,1578073275,1577936154
632,moul_d_4,1578073275,1577936154
633,moul_d_5,1578073275,1577936154
634,moul_d_6,1578073275,1577936154
635,moul_d_7,1578073275,1577936154
636,moul_d_8,1578073275,1577936154
637,moul_d_9,1578073275,1577936154
638,moul_d_10,1578073275,1577936154
639,moul_d_11,1578073275,1577936154
640,moul_d_12,1578073275,1577936154
641,moul_mix_1,1578073275,1577936154
642,moul_c_1,1578073275,1577936154
643,moul_c_2,1578073275,1577936154
644,moul_c_3,1578073275,1577936154
645,moul_c_4,1578073275,1577944003
646,moul_c_5,1578073275,1577944003
647,moul_c_5b,1578073275,1577936154
648,moul_c_6,1578073275,1577936154
649,moul_c_7,1578073275,1577936154
650,moul_c_8,1578073275,1577936154
651,moul_c_9,1578073275,1577936154
652,moul_c_10,1578073275,1577936154
653,moul_c_11,1578073275,1577936154
654,moul_c_12,1578073275,1577936154
655,moul_c_13,1578073275,1577936154
656,moul_c_14,1578073275,1577936154
657,moul_c_15,1578073275,1577936154
658,moul_c_16,1578073275,1577936154
659,moul_c_17,1578073275,1577936154
660,moul_c_18,1578073275,1577936154
661,moul_c_19,1578073275,1577936154
662,moul_c_20,1578073275,1577936154
663,moul_c_21,1578073275,1577936154
664,moul_c_22,1578073275,1577936154
665,moul_c_23,1578073275,1577936154
666,moul_c_24,1578073275,1577936154
667,moul_c_25,1578073275,1577936154
668,moul_c_26,1578073275,1577936154
669,moul_c_27,1578073275,1577936154
670,moul_c_28,1578073275,1577936154
671,moul_i_1,1578073275,1577936154
672,moul_i_2,1578073275,1577936154
673,moul_i_3,1578073275,1577936154
674,moul_i_4,1578073275,1577936154
675,moul_i_5,1578073275,1577936154
676,moul_i_6,1578073275,1577936154
677,moul_i_7,1578073275,1577936154
678,moul_i_8,1578073275,1577936154
679,moul_i_9,1578073275,1577936154
680,moul_i_10,1578073275,1577936154
681,moul_i_11,1578073275,1577936154
682,moul_i_12,1578073275,1577936154
683,moul_u_1,1578073275,1577936154
684,moul_u_2,1578073275,1577936154
685,moul_u_3,1578073275,1577936154
686,moul_u_4,1578073275,1577936154
687,moul_u_5,1578073275,1577936154
688,moul_u_6,1578073275,1577936154
689,moul_u_7,1578073275,1577936154
690,moul_u_8,1578073275,1577936154
691,moul_u_9,1578073275,1577936154
692,moul_u_10,1578073275,1577936154
693,moul_u_11,1578073275,1577936154
694,moul_u_12,1578073275,1577936154
695,moul_x_1,1578073275,1577936154
696,moul_x_2,1578073275,1577936154
697,moul_x_3,1578073275,1577936154
698,moul_x_4,1578073275,1577936154
699,moul_x_5,1578073275,1577936154
700,moul_x_6,1578073275,1577936154
701,moul_x_7,1578073275,1577936154
702,moul_x_8,1578073275,1577936154
703,moul_x_9,1578073275,1577936154
704,moul_x_10,1578073275,1577936154
705,moul_x_11,1578073275,1577936154
706,moul_x_12,1578073275,1577936154
707,moul_prec_1,1578073275,1577936154
708,moul_prec_3,1578073275,1577936154
709,moul_prec_4,1578073275,1577936154
710,moul_prec_5,1578073275,1577936154
711,moul_zeropad_1,1578073275,1577936154
712,moul_zeropad_2,1578073275,1577936154
713,moul_zeropad_3,1578073275,1577936154
714,moul_zeropad_4,1578073275,1577936154
715,moul_leftjusty_1,1578073275,1577936154
716,moul_leftjusty_2,1578073275,1577936154
717,moul_leftjusty_3,1578073275,1577936154
718,moul_leftjusty_4,1578073275,1577936154
719,moul_leftjusty_5,1578073275,1577936154
720,moul_leftjusty_6,1578073275,1577936154
721,moul_leftjusty_7,1578073275,1577936154
722,moul_notmandatory_star_1,1578073275,1577936154
723,moul_notmandatory_star_3,1578073275,1577936154
724,moul_notmandatory_star_4,1578073275,1577936154
725,moul_notmandatory_star_5,1578073275,1577936154
726,new2019_star_1,1578073275,1577936154
727,new2019_star_2,1578073275,1577936154
728,new2019_star_3,1578073275,1577936154
729,new2019_star_4,1578073275,1577936154
730,new2019_star_5,1578073275,1577936154
731,new2019_star_6,1578073275,1577936154
732,new2019_star_7,1578073275,1577936154
733,new2019_star_8,1578073275,1577936154
734,new2019_star_9,1578073275,1577936154
735,new2019_star_10,1578073275,1577936154
736,new2019_negstar_1,1578073275,1577936154
737,new2019_negstar_2,1578073275,1577936154
738,new2019_negstar_3,1578073275,1577936154
739,new2019_negstar_4,1578073275,1577936154
740,new2019_negstar_5,1578073275,1577936154
741,new2019_negstar_6,1578073275,1577936154
742,new2019_negstar_7,1578073275,1577936154
743,new2019_negstar_8,1578073275,1577936154
744,new2019_negstar_9,1578073275,1577936154
